<?xml version="1.0" encoding="UTF-8"?>
<project-private xmlns="http://www.netbeans.org/ns/project-private/1">
    <data xmlns="http://www.netbeans.org/ns/make-project-private/1">
        <activeConfTypeElem>1</activeConfTypeElem>
        <activeConfIndexElem>0</activeConfIndexElem>
    </data>
    <editor-bookmarks xmlns="http://www.netbeans.org/ns/editor-bookmarks/2" lastBookmarkId="4">
        <file>
            <url>PokerCardTable.cpp</url>
            <bookmark id="2">
                <name/>
                <line>118</line>
                <key/>
            </bookmark>
            <bookmark id="1">
                <name/>
                <line>118</line>
                <key/>
            </bookmark>
            <bookmark id="3">
                <name/>
                <line>118</line>
                <key/>
            </bookmark>
            <bookmark id="4">
                <name/>
                <line>118</line>
                <key/>
            </bookmark>
        </file>
    </editor-bookmarks>
    <open-files xmlns="http://www.netbeans.org/ns/projectui-open-files/2">
        <group>
            <file>file:/C:/Users/HaoHuynh/Documents/RCC/CSC-17A/repo/HuynhHao_CSC17a_48983/Proj/Project1/PokerGame/PokerCardTable.cpp</file>
            <file>file:/C:/Users/HaoHuynh/Documents/RCC/CSC-17A/repo/HuynhHao_CSC17a_48983/Proj/Project1/PokerGame/PokerCardTable.h</file>
            <file>file:/C:/Users/HaoHuynh/Documents/RCC/CSC-17A/repo/HuynhHao_CSC17a_48983/Proj/Project1/PokerGame/PokerHelper.h</file>
        </group>
    </open-files>
</project-private>
